Product_ID,Category,Date,Weekly_Demand,Avg_Stock,Avg_Lead_Time,Predicted_Demand,Lead_Time_Demand,Predicted_Stockout_Risk,Overstock_Threshold,Predicted_Overstock_Risk,Daily_Predicted_Demand,Safety_Stock,Reorder_Point,Recommended_Order_Qty,Inventory_Action
SKU_0001,Beauty,2025-05-18,774,122.57142857142857,3.0,782.1361020792979,335.20118660541334,1,1564.2722041585957,0,111.73372886847112,67.04023732108267,402.241423926496,279.66999535506744,REORDER
SKU_0001,Beauty,2025-05-25,794,134.0,3.0,785.4988264810872,336.64235420618024,1,1570.9976529621745,0,112.21411806872675,67.32847084123605,403.97082504741627,269.97082504741627,REORDER
SKU_0001,Beauty,2025-06-01,509,114.6,3.0,778.9088354621722,333.81807234093094,1,1557.8176709243444,0,111.27269078031031,66.76361446818619,400.5816868091171,285.98168680911715,REORDER
SKU_0002,Sports,2025-05-18,781,129.14285714285714,2.0,780.8594948424754,223.10271281213585,1,1561.7189896849509,0,111.55135640606792,44.620542562427175,267.723255374563,138.58039823170586,REORDER
SKU_0002,Sports,2025-05-25,732,121.71428571428571,2.0,735.5239658926372,210.14970454075348,1,1471.0479317852744,0,105.07485227037674,42.0299409081507,252.17964544890418,130.46535973461846,REORDER
SKU_0002,Sports,2025-06-01,517,115.0,2.0,761.199462962963,217.48556084656087,1,1522.398925925926,0,108.74278042328044,43.497112169312175,260.98267301587305,145.98267301587305,REORDER
SKU_0003,Home & Kitchen,2025-05-18,893,140.85714285714286,3.0,899.7650696301362,385.6136012700584,1,1799.5301392602723,0,128.53786709001946,77.12272025401168,462.73632152407004,321.87917866692715,REORDER
SKU_0003,Home & Kitchen,2025-05-25,945,161.57142857142858,3.0,977.801856301106,419.0579384147597,1,1955.603712602212,0,139.68597947158656,83.81158768295194,502.8695260977116,341.2980975262831,REORDER
SKU_0003,Home & Kitchen,2025-06-01,556,115.4,3.0,825.8743492063492,353.9461496598639,1,1651.7486984126983,0,117.98204988662131,70.78922993197278,424.7353795918367,309.3353795918367,REORDER
SKU_0004,Sports,2025-05-18,786,123.14285714285714,3.0,775.4090831475158,332.31817849179254,1,1550.8181662950317,0,110.77272616393084,66.46363569835852,398.78181419015107,275.63895704729396,REORDER
SKU_0004,Sports,2025-05-25,724,115.85714285714286,3.0,734.7797570207572,314.9056101517531,1,1469.5595140415144,0,104.96853671725103,62.98112203035062,377.8867321821037,262.02958932496085,REORDER
SKU_0004,Sports,2025-06-01,477,108.6,3.0,732.178010989011,313.79057613814757,1,1464.356021978022,0,104.59685871271586,62.75811522762952,376.5486913657771,267.9486913657771,REORDER
SKU_0005,Sports,2025-05-18,645,104.57142857142857,4.0,648.4227457172459,370.52728326699764,1,1296.8454914344918,0,92.63182081674941,74.10545665339953,444.63273992039717,340.0613113489686,REORDER
SKU_0005,Sports,2025-05-25,697,108.57142857142857,4.0,691.4947811986864,395.1398749706779,1,1382.9895623973728,0,98.78496874266948,79.02797499413559,474.1678499648135,365.59642139338496,REORDER
SKU_0005,Sports,2025-06-01,514,118.2,4.0,730.7083354185859,417.54762023919193,1,1461.4166708371718,0,104.38690505979798,83.5095240478384,501.0571442870303,382.85714428703034,REORDER
SKU_0006,Apparel,2025-05-18,947,150.28571428571428,5.0,961.366043473013,686.6900310521521,1,1922.732086946026,0,137.33800621043042,137.33800621043042,824.0280372625825,673.7423229768683,REORDER
SKU_0006,Apparel,2025-05-25,966,152.0,5.0,964.5118362998113,688.9370259284367,1,1929.0236725996226,0,137.78740518568733,137.78740518568733,826.7244311141241,674.7244311141241,REORDER
SKU_0006,Apparel,2025-06-01,655,137.4,5.0,912.4294208271757,651.7353005908398,1,1824.8588416543514,0,130.34706011816795,130.34706011816795,782.0823607090077,644.6823607090078,REORDER
SKU_0007,Electronics,2025-05-18,670,115.85714285714286,6.0,669.7530695003801,574.0740595717543,1,1339.5061390007602,0,95.67900992862573,114.81481191435087,688.8888714861052,573.0317286289624,REORDER
SKU_0007,Electronics,2025-05-25,681,104.42857142857143,6.0,669.1598358354612,573.5655735732524,1,1338.3196716709224,0,95.59426226220874,114.71311471465049,688.2786882879029,583.8501168593315,REORDER
SKU_0007,Electronics,2025-06-01,411,98.6,6.0,631.3042042633293,541.1178893685681,1,1262.6084085266586,0,90.18631489476134,108.22357787371362,649.3414672422816,550.7414672422816,REORDER
SKU_0008,Sports,2025-05-18,863,135.28571428571428,1.0,860.4372849465345,122.91961213521923,0,1720.874569893069,0,122.91961213521923,24.583922427043845,147.50353456226307,12.217820276548792,REORDER
SKU_0008,Sports,2025-05-25,870,152.85714285714286,1.0,904.0680202020202,129.1525743145743,0,1808.1360404040404,0,129.1525743145743,25.830514862914864,154.98308917748918,2.1259463203463156,REORDER
SKU_0008,Sports,2025-06-01,556,123.0,1.0,815.2935698653199,116.47050998075999,0,1630.5871397306398,0,116.47050998075999,23.294101996151998,139.764611976912,16.764611976911993,REORDER
SKU_0009,Home & Kitchen,2025-05-18,792,122.71428571428571,2.0,765.750195979674,218.78577027990687,1,1531.500391959348,0,109.39288513995344,43.757154055981374,262.54292433588824,139.82863862160252,REORDER
SKU_0009,Home & Kitchen,2025-05-25,738,112.0,2.0,732.3405824314575,209.24016640898785,1,1464.681164862915,0,104.62008320449392,41.84803328179757,251.08819969078542,139.08819969078542,REORDER
SKU_0009,Home & Kitchen,2025-06-01,449,102.8,2.0,696.3384722222222,198.9538492063492,1,1392.6769444444444,0,99.4769246031746,39.79076984126984,238.74461904761904,135.94461904761903,REORDER
SKU_0010,Beauty,2025-05-18,803,131.57142857142858,7.0,787.6825963572348,787.6825963572348,1,1575.3651927144697,0,112.5260851938907,157.536519271447,945.2191156286818,813.6476870572533,REORDER
SKU_0010,Beauty,2025-05-25,778,129.28571428571428,7.0,785.010444120826,785.010444120826,1,1570.020888241652,0,112.14434916011801,157.0020888241652,942.0125329449912,812.7268186592769,REORDER
SKU_0010,Beauty,2025-06-01,549,113.2,7.0,823.4270037348272,823.4270037348272,1,1646.8540074696543,0,117.63242910497532,164.68540074696546,988.1124044817926,874.9124044817926,REORDER
SKU_0011,Home & Kitchen,2025-05-18,767,119.71428571428571,4.0,760.0071814573012,434.28981797560067,1,1520.0143629146023,0,108.57245449390017,86.85796359512014,521.1477815707208,401.43349585643506,REORDER
SKU_0011,Home & Kitchen,2025-05-25,770,127.14285714285714,4.0,762.5150445631497,435.7228826075141,1,1525.0300891262993,0,108.93072065187853,87.14457652150283,522.867459129017,395.7246019861599,REORDER
SKU_0011,Home & Kitchen,2025-06-01,552,119.8,4.0,802.4585658338948,458.54775190508275,1,1604.9171316677896,0,114.63693797627069,91.70955038101656,550.2573022860993,430.45730228609926,REORDER
SKU_0012,Electronics,2025-05-18,984,152.0,3.0,915.3427103174602,392.2897329931973,1,1830.6854206349203,0,130.76324433106575,78.45794659863947,470.74767959183674,318.74767959183674,REORDER
SKU_0012,Electronics,2025-05-25,770,123.0,3.0,775.2270259734028,332.24015398860115,1,1550.4540519468055,0,110.74671799620039,66.44803079772024,398.68818478632136,275.68818478632136,REORDER
SKU_0012,Electronics,2025-06-01,500,111.0,3.0,779.5760994446586,334.10404261913936,1,1559.152198889317,0,111.3680142063798,66.82080852382788,400.9248511429672,289.9248511429672,REORDER
SKU_0013,Sports,2025-05-18,766,130.71428571428572,2.0,770.6641941761941,220.18976976462687,1,1541.3283883523882,0,110.09488488231344,44.03795395292538,264.22772371755224,133.51343800326651,REORDER
SKU_0013,Sports,2025-05-25,841,130.14285714285714,2.0,849.4528320594857,242.70080915985304,1,1698.9056641189713,0,121.35040457992652,48.54016183197061,291.24097099182364,161.0981138489665,REORDER
SKU_0013,Sports,2025-06-01,538,113.8,2.0,804.7543461114909,229.92981317471168,1,1609.5086922229818,0,114.96490658735584,45.98596263494234,275.915775809654,162.115775809654,REORDER
SKU_0014,Beauty,2025-05-18,805,122.28571428571429,6.0,785.7442923269073,673.4951077087776,1,1571.4885846538145,0,112.2491846181296,134.6990215417555,808.1941292505331,685.9084149648188,REORDER
SKU_0014,Beauty,2025-05-25,845,129.14285714285714,6.0,833.1276222199953,714.1093904742817,1,1666.2552444399905,0,119.0182317457136,142.82187809485634,856.931268569138,727.7884114262808,REORDER
SKU_0014,Beauty,2025-06-01,504,109.4,6.0,780.3823793294858,668.8991822824164,1,1560.7647586589717,0,111.48319704706941,133.77983645648328,802.6790187388997,693.2790187388997,REORDER
SKU_0015,Apparel,2025-05-18,932,150.71428571428572,2.0,934.260672213242,266.93162063235485,1,1868.521344426484,0,133.46581031617742,53.386324126470974,320.31794475882583,169.6036590445401,REORDER
SKU_0015,Apparel,2025-05-25,821,131.14285714285714,2.0,822.2398332343039,234.92566663837255,1,1644.4796664686078,0,117.46283331918627,46.98513332767451,281.9107999660471,150.76794282318994,REORDER
SKU_0015,Apparel,2025-06-01,535,125.8,2.0,826.3735981842232,236.10674233834948,1,1652.7471963684463,0,118.05337116917474,47.2213484676699,283.32809080601936,157.52809080601935,REORDER
SKU_0016,Sports,2025-05-18,862,144.57142857142858,4.0,861.6210473823135,492.35488421846486,1,1723.242094764627,0,123.08872105461622,98.47097684369298,590.8258610621579,446.2544324907293,REORDER
SKU_0016,Sports,2025-05-25,854,146.42857142857142,4.0,863.1107385871927,493.2061363355387,1,1726.2214771743854,0,123.30153408388468,98.64122726710775,591.8473636026465,445.41879217407507,REORDER
SKU_0016,Sports,2025-06-01,688,164.2,4.0,990.8373797852474,566.1927884487128,1,1981.6747595704949,0,141.5481971121782,113.23855768974256,679.4313461384554,515.2313461384554,REORDER
SKU_0017,Beauty,2025-05-18,944,147.0,5.0,940.0359894861475,671.4542782043911,1,1880.071978972295,0,134.29085564087822,134.29085564087822,805.7451338452694,658.7451338452694,REORDER
SKU_0017,Beauty,2025-05-25,961,154.42857142857142,5.0,943.6319726199727,674.0228375856948,1,1887.2639452399453,0,134.80456751713896,134.80456751713896,808.8274051028337,654.3988336742623,REORDER
SKU_0017,Beauty,2025-06-01,581,114.2,5.0,845.5944444444444,603.9960317460317,1,1691.1888888888889,0,120.79920634920634,120.79920634920634,724.795238095238,610.595238095238,REORDER
SKU_0018,Home & Kitchen,2025-05-18,641,106.0,4.0,646.4431110980811,369.39606348461774,1,1292.8862221961622,0,92.34901587115444,73.87921269692355,443.2752761815413,337.2752761815413,REORDER
SKU_0018,Home & Kitchen,2025-05-25,637,108.42857142857143,4.0,651.6322078357658,372.36126162043763,1,1303.2644156715317,0,93.09031540510941,74.47225232408753,446.8335139445252,338.40494251595373,REORDER
SKU_0018,Home & Kitchen,2025-06-01,421,89.6,4.0,644.2553095238095,368.1458911564626,1,1288.510619047619,0,92.03647278911565,73.62917823129253,441.77506938775514,352.1750693877551,REORDER
SKU_0019,Apparel,2025-05-18,786,130.85714285714286,2.0,783.4495673241761,223.84273352119317,1,1566.8991346483522,0,111.92136676059658,44.76854670423864,268.6112802254318,137.75413736828895,REORDER
SKU_0019,Apparel,2025-05-25,779,126.71428571428571,2.0,785.4625690018024,224.41787685765783,1,1570.9251380036048,0,112.20893842882892,44.88357537153157,269.3014522291894,142.58716651490369,REORDER
SKU_0019,Apparel,2025-06-01,564,127.0,2.0,832.7002345374116,237.91435272497475,1,1665.4004690748231,0,118.95717636248737,47.582870544994954,285.4972232699697,158.4972232699697,REORDER
SKU_0020,Apparel,2025-05-18,901,142.28571428571428,5.0,905.8375264535165,647.0268046096546,1,1811.675052907033,0,129.40536092193094,129.40536092193094,776.4321655315855,634.1464512458713,REORDER
SKU_0020,Apparel,2025-05-25,794,127.85714285714286,5.0,800.0758350320705,571.4827393086217,1,1600.151670064141,0,114.29654786172435,114.29654786172435,685.779287170346,557.9221443132031,REORDER
SKU_0020,Apparel,2025-06-01,574,120.0,5.0,835.0522637762563,596.4659026973259,1,1670.1045275525125,0,119.29318053946518,119.29318053946518,715.7590832367911,595.7590832367911,REORDER
SKU_0021,Apparel,2025-05-18,813,128.85714285714286,2.0,818.3279927748612,233.80799793567462,1,1636.6559855497223,0,116.90399896783731,46.761599587134924,280.56959752280954,151.71245466566668,REORDER
SKU_0021,Apparel,2025-05-25,865,137.42857142857142,2.0,866.7686377233877,247.64818220668218,1,1733.5372754467753,0,123.82409110334109,49.529636441336436,297.1778186480186,159.7492472194472,REORDER
SKU_0021,Apparel,2025-06-01,554,128.4,2.0,819.3056259916249,234.08732171189283,1,1638.6112519832498,0,117.04366085594641,46.81746434237857,280.9047860542714,152.50478605427142,REORDER
SKU_0022,Apparel,2025-05-18,906,148.14285714285714,6.0,867.1074920634921,743.234993197279,1,1734.2149841269843,0,123.87249886621316,148.6469986394558,891.8819918367348,743.7391346938776,REORDER
SKU_0022,Apparel,2025-05-25,850,132.42857142857142,6.0,846.2043687959639,725.3180303965405,1,1692.4087375919278,0,120.88633839942341,145.0636060793081,870.3816364758486,737.9530650472772,REORDER
SKU_0022,Apparel,2025-06-01,554,132.6,6.0,809.3776961980045,693.752311026861,1,1618.755392396009,0,115.6253851711435,138.7504622053722,832.5027732322332,699.9027732322331,REORDER
SKU_0023,Beauty,2025-05-18,948,153.57142857142858,5.0,944.5756555759057,674.6968968399326,1,1889.1513111518113,0,134.93937936798653,134.93937936798653,809.6362762079191,656.0648476364905,REORDER
SKU_0023,Beauty,2025-05-25,1125,167.14285714285714,5.0,1036.5840782828284,740.417198773449,1,2073.168156565657,0,148.08343975468978,148.0834397546898,888.5006385281388,721.3577813852817,REORDER
SKU_0023,Beauty,2025-06-01,589,138.6,5.0,887.7010528083025,634.072180577359,1,1775.402105616605,0,126.81443611547179,126.81443611547179,760.8866166928308,622.2866166928308,REORDER
SKU_0024,Sports,2025-05-18,844,141.28571428571428,5.0,856.5594500629662,611.8281786164044,1,1713.1189001259324,0,122.36563572328089,122.36563572328089,734.1938143396853,592.9081000539711,REORDER
SKU_0024,Sports,2025-05-25,787,127.0,5.0,795.8123301575047,568.4373786839319,1,1591.6246603150094,0,113.68747573678638,113.68747573678638,682.1248544207183,555.1248544207183,REORDER
SKU_0024,Sports,2025-06-01,585,131.4,5.0,857.8345880520208,612.7389914657291,1,1715.6691761040415,0,122.54779829314582,122.54779829314583,735.2867897588749,603.8867897588749,REORDER
SKU_0025,Apparel,2025-05-18,733,116.42857142857143,4.0,737.0675387667889,421.1814507238793,1,1474.1350775335777,0,105.29536268096983,84.23629014477586,505.4177408686552,388.98916944008374,REORDER
SKU_0025,Apparel,2025-05-25,731,114.57142857142857,4.0,735.0890718355719,420.0508981917554,1,1470.1781436711437,0,105.01272454793884,84.01017963835108,504.06107783010646,389.4896492586779,REORDER
SKU_0025,Apparel,2025-06-01,471,104.4,4.0,730.2907332112331,417.30899040641896,1,1460.5814664224663,0,104.32724760160474,83.4617980812838,500.77078848770276,396.3707884877027,REORDER
SKU_0026,Beauty,2025-05-18,859,141.42857142857142,5.0,862.8164142388113,616.297438742008,1,1725.6328284776225,0,123.25948774840161,123.25948774840161,739.5569264904096,598.1283550618382,REORDER
SKU_0026,Beauty,2025-05-25,874,133.14285714285714,5.0,857.865740967094,612.7612435479243,1,1715.731481934188,0,122.55224870958486,122.55224870958487,735.3134922575092,602.1706351146521,REORDER
SKU_0026,Beauty,2025-06-01,554,136.4,5.0,859.947142719209,614.2479590851492,1,1719.894285438418,0,122.84959181702985,122.84959181702985,737.097550902179,600.697550902179,REORDER
SKU_0027,Sports,2025-05-18,859,135.14285714285714,7.0,850.5978872432037,850.5978872432037,1,1701.1957744864073,0,121.51398389188624,170.11957744864074,1020.7174646918444,885.5746075489873,REORDER
SKU_0027,Sports,2025-05-25,881,144.14285714285714,7.0,902.8881710496369,902.8881710496369,1,1805.7763420992737,0,128.9840244356624,180.5776342099274,1083.4658052595641,939.322948116707,REORDER
SKU_0027,Sports,2025-06-01,607,140.0,7.0,908.1119086282974,908.1119086282974,1,1816.2238172565949,0,129.73027266118535,181.6223817256595,1089.734290353957,949.734290353957,REORDER
SKU_0028,Electronics,2025-05-18,371,66.14285714285714,4.0,381.4633333333333,217.9790476190476,1,762.9266666666666,0,54.4947619047619,43.59580952380952,261.5748571428571,195.432,REORDER
SKU_0028,Electronics,2025-05-25,361,72.57142857142857,4.0,386.9916931216931,221.13811035525322,1,773.9833862433862,0,55.284527588813305,44.22762207105065,265.36573242630385,192.7943038548753,REORDER
SKU_0028,Electronics,2025-06-01,227,60.6,4.0,365.9373412698412,209.10705215419497,1,731.8746825396825,0,52.276763038548744,41.821410430838995,250.92846258503397,190.32846258503398,REORDER
SKU_0029,Home & Kitchen,2025-05-18,867,142.71428571428572,3.0,878.2431364213132,376.3899156091343,1,1756.4862728426265,0,125.46330520304475,75.27798312182686,451.66789873096116,308.95361301667543,REORDER
SKU_0029,Home & Kitchen,2025-05-25,807,129.57142857142858,3.0,820.001493927369,351.42921168315814,1,1640.002987854738,0,117.14307056105271,70.28584233663163,421.71505401978976,292.14362544836115,REORDER
SKU_0029,Home & Kitchen,2025-06-01,528,118.4,3.0,808.8558644133644,346.6525133200133,1,1617.7117288267289,0,115.55083777333778,69.33050266400267,415.983015984016,297.583015984016,REORDER
SKU_0030,Home & Kitchen,2025-05-18,691,102.0,5.0,676.876835366741,483.4834538333865,1,1353.753670733482,0,96.69669076667729,96.6966907666773,580.1801446000638,478.18014460006384,REORDER
SKU_0030,Home & Kitchen,2025-05-25,711,119.57142857142857,5.0,725.7942270109115,518.4244478649368,1,1451.588454021823,0,103.68488957298736,103.68488957298737,622.1093374379242,502.5379088664956,REORDER
SKU_0030,Home & Kitchen,2025-06-01,409,103.0,5.0,635.0189043176609,453.5849316554721,1,1270.0378086353219,0,90.71698633109442,90.71698633109442,544.3019179865665,441.30191798656654,REORDER
SKU_0031,Apparel,2025-05-18,836,137.57142857142858,1.0,831.7761952260703,118.82517074658146,0,1663.5523904521406,0,118.82517074658146,23.765034149316293,142.59020489589776,5.018776324469172,REORDER
SKU_0031,Apparel,2025-05-25,880,139.14285714285714,1.0,890.5247814956645,127.21782592795206,0,1781.049562991329,0,127.21782592795206,25.443565185590415,152.6613911135425,13.518533970685354,REORDER
SKU_0031,Apparel,2025-06-01,599,148.4,1.0,892.1595012487513,127.45135732125019,0,1784.3190024975027,0,127.45135732125019,25.49027146425004,152.94162878550023,4.541628785500222,REORDER
SKU_0032,Beauty,2025-05-18,791,126.71428571428571,4.0,795.6670580036578,454.66689028780445,1,1591.3341160073155,0,113.66672257195111,90.9333780575609,545.6002683453653,418.88598263107957,REORDER
SKU_0032,Beauty,2025-05-25,856,132.85714285714286,4.0,856.8921063339237,489.65263219081356,1,1713.7842126678474,0,122.41315804770339,97.93052643816272,587.5831586289763,454.72601577183343,REORDER
SKU_0032,Beauty,2025-06-01,562,122.6,4.0,831.2198888888888,474.9827936507936,1,1662.4397777777776,0,118.7456984126984,94.99655873015872,569.9793523809524,447.37935238095235,REORDER
SKU_0033,Apparel,2025-05-18,920,146.28571428571428,7.0,922.9025925911042,922.9025925911042,1,1845.8051851822083,0,131.84322751301488,184.58051851822086,1107.483111109325,961.1973968236107,REORDER
SKU_0033,Apparel,2025-05-25,868,143.28571428571428,7.0,873.1685141574109,873.1685141574109,1,1746.3370283148217,0,124.7383591653444,174.6337028314822,1047.8022169888932,904.516502703179,REORDER
SKU_0033,Apparel,2025-06-01,620,136.6,7.0,904.7757977460084,904.7757977460084,1,1809.5515954920168,0,129.2536853922869,180.95515954920168,1085.7309572952101,949.1309572952101,REORDER
SKU_0034,Sports,2025-05-18,787,122.57142857142857,6.0,770.2293921568627,660.1966218487394,1,1540.4587843137253,0,110.03277030812323,132.03932436974787,792.2359462184872,669.6645176470587,REORDER
SKU_0034,Sports,2025-05-25,755,120.57142857142857,6.0,741.5511934668651,635.6153086858844,1,1483.1023869337303,0,105.93588478098073,127.1230617371769,762.7383704230613,642.1669418516327,REORDER
SKU_0034,Sports,2025-06-01,454,101.2,6.0,694.9477777777777,595.6695238095238,1,1389.8955555555553,0,99.27825396825395,119.13390476190476,714.8034285714285,613.6034285714285,REORDER
SKU_0035,Home & Kitchen,2025-05-18,833,126.57142857142857,3.0,801.4963485229367,343.4984350812586,1,1602.9926970458735,0,114.49947836041953,68.69968701625173,412.19812209751035,285.6266935260818,REORDER
SKU_0035,Home & Kitchen,2025-05-25,750,116.28571428571429,3.0,755.3368205683205,323.7157802435659,1,1510.673641136641,0,107.90526008118864,64.74315604871319,388.4589362922791,272.1732220065648,REORDER
SKU_0035,Home & Kitchen,2025-06-01,548,127.4,3.0,798.7326688771465,342.3140009473485,1,1597.465337754293,0,114.1046669824495,68.4628001894697,410.7768011368182,283.37680113681824,REORDER
SKU_0036,Sports,2025-05-18,642,114.71428571428571,3.0,660.1663367003366,282.92843001443,1,1320.3326734006732,0,94.30947667147666,56.585686002886,339.514116017316,224.79983030303026,REORDER
SKU_0036,Sports,2025-05-25,781,125.28571428571429,3.0,782.4159444444444,335.32111904761905,1,1564.831888888889,0,111.77370634920635,67.06422380952381,402.38534285714286,277.0996285714286,REORDER
SKU_0036,Sports,2025-06-01,455,105.0,3.0,684.6110430695848,293.4047327441077,1,1369.2220861391695,0,97.80157758136924,58.680946548821545,352.0856792929293,247.08567929292929,REORDER
SKU_0037,Electronics,2025-05-18,392,72.85714285714286,7.0,401.86055555555555,401.86055555555555,1,803.7211111111111,0,57.40865079365079,80.37211111111111,482.23266666666666,409.37552380952377,REORDER
SKU_0037,Electronics,2025-05-25,400,65.42857142857143,7.0,402.2210363247863,402.2210363247863,1,804.4420726495727,0,57.46014804639805,80.44420726495727,482.66524358974357,417.2366721611721,REORDER
SKU_0037,Electronics,2025-06-01,276,68.6,7.0,414.97287830687833,414.97287830687833,1,829.9457566137567,0,59.28183975812548,82.99457566137568,497.967453968254,429.36745396825404,REORDER
SKU_0038,Home & Kitchen,2025-05-18,776,135.85714285714286,7.0,789.2573199083804,789.2573199083804,1,1578.5146398167608,0,112.7510457011972,157.8514639816761,947.1087838900564,811.2516410329135,REORDER
SKU_0038,Home & Kitchen,2025-05-25,717,122.42857142857143,7.0,723.561775500099,723.561775500099,1,1447.123551000198,0,103.36596792858556,144.7123551000198,868.2741306001187,745.8455591715473,REORDER
SKU_0038,Home & Kitchen,2025-06-01,562,125.8,7.0,797.6000387099283,797.6000387099283,1,1595.2000774198566,0,113.9428626728469,159.52000774198567,957.1200464519139,831.320046451914,REORDER
SKU_0039,Apparel,2025-05-18,896,139.42857142857142,5.0,889.0108385225884,635.0077418018489,1,1778.0216770451768,0,127.00154836036977,127.00154836036978,762.0092901622186,622.5807187336471,REORDER
SKU_0039,Apparel,2025-05-25,945,154.71428571428572,5.0,943.2214025141526,673.7295732243947,1,1886.4428050283052,0,134.74591464487895,134.74591464487895,808.4754878692736,653.7612021549878,REORDER
SKU_0039,Apparel,2025-06-01,569,117.2,5.0,844.9544444444443,603.5388888888888,1,1689.9088888888887,0,120.70777777777776,120.70777777777776,724.2466666666666,607.0466666666665,REORDER
SKU_0040,Home & Kitchen,2025-05-18,845,142.71428571428572,7.0,864.7727463979377,864.7727463979377,1,1729.5454927958754,0,123.53896377113395,172.95454927958755,1037.7272956775253,895.0130099632395,REORDER
SKU_0040,Home & Kitchen,2025-05-25,867,137.0,7.0,860.2340733531174,860.2340733531174,1,1720.4681467062348,0,122.8905819075882,172.0468146706235,1032.280888023741,895.280888023741,REORDER
SKU_0040,Home & Kitchen,2025-06-01,619,131.8,7.0,896.6900779628868,896.6900779628868,1,1793.3801559257736,0,128.09858256612668,179.33801559257736,1076.0280935554642,944.2280935554643,REORDER
SKU_0041,Electronics,2025-05-18,656,100.14285714285714,4.0,653.8463556987676,373.6264889707244,1,1307.6927113975353,0,93.4066222426811,74.72529779414488,448.35178676486925,348.2089296220121,REORDER
SKU_0041,Electronics,2025-05-25,650,102.42857142857143,4.0,654.8573854005473,374.20422022888414,1,1309.7147708010946,0,93.55105505722103,74.84084404577683,449.04506427466094,346.6164928460895,REORDER
SKU_0041,Electronics,2025-06-01,446,101.0,4.0,656.261546183664,375.00659781923656,1,1312.523092367328,0,93.75164945480914,75.00131956384732,450.00791738308385,349.00791738308385,REORDER
SKU_0042,Sports,2025-05-18,793,131.71428571428572,5.0,805.6003128628681,575.4287949020487,1,1611.2006257257362,0,115.08575898040974,115.08575898040975,690.5145538824585,558.8002681681728,REORDER
SKU_0042,Sports,2025-05-25,858,148.0,5.0,857.1941227077018,612.281516219787,1,1714.3882454154036,0,122.45630324395741,122.45630324395741,734.7378194637445,586.7378194637445,REORDER
SKU_0042,Sports,2025-06-01,518,127.6,5.0,803.3933884231669,573.8524203022621,1,1606.7867768463339,0,114.77048406045242,114.77048406045242,688.6229043627145,561.0229043627145,REORDER
SKU_0043,Home & Kitchen,2025-05-18,872,139.71428571428572,5.0,870.8886455195864,622.063318228276,1,1741.7772910391727,0,124.4126636456552,124.4126636456552,746.4759818739312,606.7616961596455,REORDER
SKU_0043,Home & Kitchen,2025-05-25,921,155.57142857142858,5.0,950.8495114921691,679.1782224944064,1,1901.6990229843382,0,135.8356444988813,135.8356444988813,815.0138669932877,659.4424384218592,REORDER
SKU_0043,Home & Kitchen,2025-06-01,629,137.8,5.0,903.7845884208385,645.5604203005989,1,1807.569176841677,0,129.1120840601198,129.1120840601198,774.6725043607187,636.8725043607187,REORDER
SKU_0044,Home & Kitchen,2025-05-18,741,113.85714285714286,4.0,744.0233320262669,425.15618972929536,1,1488.0466640525337,0,106.28904743232384,85.03123794585908,510.1874276751544,396.3302848180116,REORDER
SKU_0044,Home & Kitchen,2025-05-25,698,115.85714285714286,4.0,707.1114276306481,404.0636729317989,1,1414.2228552612962,0,101.01591823294973,80.8127345863598,484.8764075181587,369.0192646610159,REORDER
SKU_0044,Home & Kitchen,2025-06-01,435,94.6,4.0,672.4485185185185,384.2562962962963,1,1344.897037037037,0,96.06407407407407,76.85125925925927,461.10755555555556,366.50755555555554,REORDER
SKU_0045,Apparel,2025-05-18,795,120.57142857142857,6.0,791.645141322268,678.5529782762297,1,1583.290282644536,0,113.0921630460383,135.71059565524595,814.2635739314757,693.6921453600471,REORDER
SKU_0045,Apparel,2025-05-25,958,160.14285714285714,6.0,966.8045895477072,828.689648183749,1,1933.6091790954144,0,138.11494136395817,165.7379296367498,994.4275778204988,834.2847206776416,REORDER
SKU_0045,Apparel,2025-06-01,512,118.0,6.0,790.8577157545313,677.8780420753126,1,1581.7154315090627,0,112.97967367921876,135.57560841506253,813.4536504903751,695.4536504903751,REORDER
SKU_0046,Electronics,2025-05-18,753,125.85714285714286,4.0,743.7623740144718,425.00707086541246,1,1487.5247480289436,0,106.25176771635311,85.0014141730825,510.00848503849494,384.1513421813521,REORDER
SKU_0046,Electronics,2025-05-25,787,129.85714285714286,4.0,790.7509205137037,451.85766886497356,1,1581.5018410274074,0,112.96441721624339,90.37153377299472,542.2292026379682,412.37205978082534,REORDER
SKU_0046,Electronics,2025-06-01,479,110.4,4.0,735.9949052795031,420.5685173025732,1,1471.9898105590062,0,105.1421293256433,84.11370346051464,504.6822207630878,394.2822207630878,REORDER
SKU_0047,Beauty,2025-05-18,868,141.71428571428572,4.0,871.5990766695179,498.0566152397245,1,1743.1981533390358,0,124.51415380993113,99.61132304794491,597.6679382876695,455.95365257338375,REORDER
SKU_0047,Beauty,2025-05-25,924,151.14285714285714,4.0,921.9046289564176,526.8026451179529,1,1843.8092579128352,0,131.70066127948823,105.36052902359059,632.1631741415435,481.02031699868644,REORDER
SKU_0047,Beauty,2025-06-01,609,149.6,4.0,920.2919109590154,525.8810919765803,1,1840.5838219180307,0,131.47027299414506,105.17621839531606,631.0573103718963,481.45731037189626,REORDER
SKU_0048,Home & Kitchen,2025-05-18,825,121.57142857142857,7.0,821.4608610355359,821.4608610355359,1,1642.9217220710718,0,117.35155157650513,164.2921722071072,985.7530332426431,864.1816046712146,REORDER
SKU_0048,Home & Kitchen,2025-05-25,831,134.0,7.0,825.8678415516988,825.8678415516988,1,1651.7356831033976,0,117.98112022167126,165.17356831033976,991.0414098620386,857.0414098620386,REORDER
SKU_0048,Home & Kitchen,2025-06-01,504,112.4,7.0,774.7848443248068,774.7848443248068,1,1549.5696886496137,0,110.68354918925812,154.95696886496137,929.7418131897682,817.3418131897682,REORDER
SKU_0049,Beauty,2025-05-18,897,145.71428571428572,6.0,909.9843077993444,779.986549542295,1,1819.9686155986888,0,129.99775825704918,155.99730990845902,935.983859450754,790.2695737364684,REORDER
SKU_0049,Beauty,2025-05-25,843,132.14285714285714,6.0,852.3753197529594,730.607416931108,1,1704.7506395059188,0,121.76790282185134,146.1214833862216,876.7289003173296,744.5860431744725,REORDER
SKU_0049,Beauty,2025-06-01,558,112.6,6.0,832.2565555555555,713.3627619047618,1,1664.513111111111,0,118.89379365079364,142.67255238095237,856.0353142857141,743.4353142857141,REORDER
SKU_0050,Electronics,2025-05-18,644,107.57142857142857,3.0,645.097366582248,276.4702999638206,1,1290.194733164496,0,92.15676665460686,55.29405999276412,331.7643599565847,224.19293138515616,REORDER
SKU_0050,Electronics,2025-05-25,688,111.0,3.0,690.511778577941,295.93361939054614,1,1381.023557155882,0,98.6445397968487,59.186723878109234,355.12034326865535,244.12034326865535,REORDER
SKU_0050,Electronics,2025-06-01,468,111.2,3.0,682.9967799198316,292.71290567992787,1,1365.9935598396632,0,97.57096855997595,58.54258113598558,351.25548681591346,240.05548681591347,REORDER
SKU_0051,Electronics,2025-05-18,336,69.14285714285714,1.0,370.11594444444444,52.87370634920635,0,740.2318888888889,0,52.87370634920635,10.57474126984127,63.44844761904762,0.0,NO REORDER
SKU_0051,Electronics,2025-05-25,360,79.85714285714286,1.0,378.26666666666665,54.03809523809524,0,756.5333333333333,0,54.03809523809524,10.807619047619049,64.84571428571428,0.0,NO REORDER
SKU_0051,Electronics,2025-06-01,248,63.8,1.0,360.0205555555556,51.43150793650794,0,720.0411111111111,0,51.43150793650794,10.286301587301589,61.71780952380953,0.0,NO REORDER
SKU_0052,Home & Kitchen,2025-05-18,1036,161.42857142857142,3.0,1023.8989089423648,438.81381811815635,1,2047.7978178847295,0,146.27127270605212,87.76276362363127,526.5765817417877,365.1480103132162,REORDER
SKU_0052,Home & Kitchen,2025-05-25,925,140.28571428571428,3.0,920.8081131908742,394.6320485103746,1,1841.6162263817484,0,131.54401617012488,78.92640970207492,473.5584582124495,333.27274392673525,REORDER
SKU_0052,Home & Kitchen,2025-06-01,566,118.4,3.0,849.3999999999999,364.02857142857135,1,1698.7999999999997,0,121.34285714285713,72.80571428571427,436.8342857142856,318.4342857142856,REORDER
SKU_0053,Electronics,2025-05-18,550,94.0,1.0,573.1691111111111,81.88130158730158,0,1146.3382222222222,0,81.88130158730158,16.376260317460318,98.2575619047619,4.2575619047619,REORDER
SKU_0053,Electronics,2025-05-25,551,84.0,1.0,544.1505555555556,77.73579365079365,0,1088.3011111111111,0,77.73579365079365,15.547158730158731,93.28295238095238,9.28295238095238,REORDER
SKU_0053,Electronics,2025-06-01,453,101.8,1.0,579.6746666666667,82.81066666666666,0,1159.3493333333333,0,82.81066666666666,16.562133333333332,99.3728,0.0,NO REORDER
SKU_0054,Home & Kitchen,2025-05-18,796,133.57142857142858,7.0,798.4949447229584,798.4949447229584,1,1596.9898894459168,0,114.07070638899405,159.6989889445917,958.19393366755,824.6225050961215,REORDER
SKU_0054,Home & Kitchen,2025-05-25,891,137.42857142857142,7.0,892.8670523643023,892.8670523643023,1,1785.7341047286045,0,127.55243605204318,178.57341047286047,1071.4404628371626,934.0118914085912,REORDER
SKU_0054,Home & Kitchen,2025-06-01,560,118.6,7.0,833.3211197642937,833.3211197642937,1,1666.6422395285874,0,119.04587425204195,166.66422395285875,999.9853437171524,881.3853437171524,REORDER
SKU_0055,Home & Kitchen,2025-05-18,880,151.0,1.0,883.1015751443,126.15736787775714,0,1766.2031502886,0,126.15736787775714,25.23147357555143,151.38884145330857,0.3888414533085722,REORDER
SKU_0055,Home & Kitchen,2025-05-25,821,136.28571428571428,1.0,829.6545558374947,118.5220794053564,0,1659.3091116749895,0,118.5220794053564,23.70441588107128,142.22649528642768,5.9407810007134,REORDER
SKU_0055,Home & Kitchen,2025-06-01,503,105.4,1.0,777.0286133335475,111.0040876190782,1,1554.057226667095,0,111.0040876190782,22.200817523815644,133.20490514289384,27.80490514289383,REORDER
SKU_0056,Beauty,2025-05-18,965,145.71428571428572,1.0,962.2286210061181,137.46123157230258,0,1924.4572420122363,0,137.46123157230258,27.492246314460516,164.9534778867631,19.239192172477374,REORDER
SKU_0056,Beauty,2025-05-25,891,138.57142857142858,1.0,910.7066210827635,130.10094586896622,0,1821.413242165527,0,130.10094586896622,26.020189173793245,156.12113504275948,17.549706471330893,REORDER
SKU_0056,Beauty,2025-06-01,611,128.4,1.0,892.480732804233,127.49724754346185,0,1784.961465608466,0,127.49724754346185,25.499449508692372,152.99669705215422,24.596697052154212,REORDER
SKU_0057,Apparel,2025-05-18,788,119.71428571428571,6.0,781.3146468052629,669.6982686902254,1,1562.6292936105258,0,111.61637811503756,133.93965373804508,803.6379224282705,683.9236367139848,REORDER
SKU_0057,Apparel,2025-05-25,825,140.85714285714286,6.0,851.7504924864152,730.0718507026415,1,1703.5009849728303,0,121.6786417837736,146.0143701405283,876.0862208431698,735.2290779860269,REORDER
SKU_0057,Apparel,2025-06-01,475,108.2,6.0,736.0918165445667,630.9358427524858,1,1472.1836330891333,0,105.15597379208096,126.18716855049716,757.123011302983,648.9230113029829,REORDER
SKU_0058,Apparel,2025-05-18,830,132.57142857142858,5.0,830.7700147416588,593.4071533868992,1,1661.5400294833175,0,118.68143067737982,118.68143067737984,712.088584064279,579.5171554928504,REORDER
SKU_0058,Apparel,2025-05-25,871,143.85714285714286,5.0,875.888462551129,625.6346161079493,1,1751.776925102258,0,125.12692322158986,125.12692322158988,750.7615393295392,606.9043964723963,REORDER
SKU_0058,Apparel,2025-06-01,558,122.2,5.0,819.889989352151,585.6357066801079,1,1639.779978704302,0,117.12714133602158,117.12714133602158,702.7628480161295,580.5628480161295,REORDER
SKU_0059,Electronics,2025-05-18,235,45.57142857142857,3.0,232.36,99.58285714285716,1,464.72,0,33.19428571428572,19.916571428571434,119.4994285714286,73.92800000000003,REORDER
SKU_0059,Electronics,2025-05-25,226,38.57142857142857,3.0,226.94666666666666,97.26285714285714,1,453.8933333333333,0,32.42095238095238,19.45257142857143,116.71542857142857,78.144,REORDER
SKU_0059,Electronics,2025-06-01,165,39.0,3.0,238.2988888888889,102.12809523809524,1,476.5977777777778,0,34.042698412698414,20.42561904761905,122.55371428571429,83.55371428571429,REORDER
SKU_0060,Electronics,2025-05-18,250,44.285714285714285,4.0,236.91333333333333,135.3790476190476,1,473.82666666666665,0,33.8447619047619,27.075809523809525,162.45485714285712,118.16914285714284,REORDER
SKU_0060,Electronics,2025-05-25,236,54.42857142857143,4.0,243.82666666666665,139.3295238095238,1,487.6533333333333,0,34.83238095238095,27.865904761904762,167.19542857142858,112.76685714285715,REORDER
SKU_0060,Electronics,2025-06-01,154,32.6,4.0,225.89333333333335,129.08190476190478,1,451.7866666666667,0,32.270476190476195,25.816380952380957,154.89828571428575,122.29828571428575,REORDER
SKU_0061,Sports,2025-05-18,785,132.42857142857142,1.0,785.4547455276684,112.20782078966691,0,1570.9094910553367,0,112.20782078966691,22.441564157933385,134.6493849476003,2.2208135190288942,REORDER
SKU_0061,Sports,2025-05-25,833,132.71428571428572,1.0,840.3744693930402,120.05349562757716,0,1680.7489387860803,0,120.05349562757716,24.010699125515433,144.0641947530926,11.349909038806885,REORDER
SKU_0061,Sports,2025-06-01,512,120.6,1.0,781.8444789880053,111.6920684268579,0,1563.6889579760107,0,111.6920684268579,22.33841368537158,134.0304821122295,13.430482112229498,REORDER
SKU_0062,Home & Kitchen,2025-05-18,749,119.14285714285714,5.0,744.3331287094547,531.6665205067534,1,1488.6662574189095,0,106.33330410135068,106.33330410135068,637.9998246081041,518.856967465247,REORDER
SKU_0062,Home & Kitchen,2025-05-25,734,123.71428571428571,5.0,754.4072271943032,538.862305138788,1,1508.8144543886065,0,107.7724610277576,107.7724610277576,646.6347661665455,522.9204804522599,REORDER
SKU_0062,Home & Kitchen,2025-06-01,431,95.8,5.0,670.2908333333334,478.7791666666667,1,1340.5816666666667,0,95.75583333333334,95.75583333333334,574.5350000000001,478.73500000000007,REORDER
SKU_0063,Beauty,2025-05-18,916,143.71428571428572,6.0,896.9036877248739,768.7745894784634,1,1793.8073754497477,0,128.12909824641056,153.7549178956927,922.5295073741561,778.8152216598703,REORDER
SKU_0063,Beauty,2025-05-25,903,145.85714285714286,6.0,896.1505922644156,768.129079083785,1,1792.3011845288313,0,128.02151318063082,153.625815816757,921.754894900542,775.8977520433991,REORDER
SKU_0063,Beauty,2025-06-01,613,134.2,6.0,898.8799532305022,770.4685313404304,1,1797.7599064610044,0,128.41142189007175,154.0937062680861,924.5622376085165,790.3622376085166,REORDER
SKU_0064,Beauty,2025-05-18,939,155.0,3.0,945.5354431216931,405.22947562358274,1,1891.0708862433862,0,135.0764918745276,81.04589512471655,486.2753707482993,331.2753707482993,REORDER
SKU_0064,Beauty,2025-05-25,940,147.0,3.0,940.1841304436308,402.93605590441314,1,1880.3682608872616,0,134.3120186348044,80.58721118088263,483.52326708529574,336.52326708529574,REORDER
SKU_0064,Beauty,2025-06-01,649,137.0,3.0,914.0977235090617,391.7561672181693,1,1828.1954470181233,0,130.5853890727231,78.35123344363387,470.1074006618032,333.1074006618032,REORDER
SKU_0065,Electronics,2025-05-18,368,62.857142857142854,5.0,397.4766666666667,283.9119047619048,1,794.9533333333334,0,56.782380952380954,56.78238095238096,340.69428571428574,277.8371428571429,REORDER
SKU_0065,Electronics,2025-05-25,407,72.28571428571429,5.0,408.7374648962149,291.9553320687249,1,817.4749297924297,0,58.39106641374498,58.39106641374498,350.34639848246985,278.0606841967556,REORDER
SKU_0065,Electronics,2025-06-01,266,64.8,5.0,397.6682857142857,284.04877551020405,1,795.3365714285713,0,56.80975510204081,56.80975510204081,340.85853061224486,276.05853061224485,REORDER
SKU_0066,Beauty,2025-05-18,831,134.42857142857142,6.0,838.4755693161246,718.6933451281068,1,1676.9511386322492,0,119.7822241880178,143.73866902562136,862.4320141537281,728.0034427251567,REORDER
SKU_0066,Beauty,2025-05-25,848,138.71428571428572,6.0,837.0469113876364,717.4687811894026,1,1674.0938227752729,0,119.57813019823378,143.49375623788055,860.9625374272832,722.2482517129974,REORDER
SKU_0066,Beauty,2025-06-01,629,138.8,6.0,879.9440655455653,754.2377704676273,1,1759.8881310911306,0,125.7062950779379,150.84755409352547,905.0853245611528,766.2853245611527,REORDER
SKU_0067,Home & Kitchen,2025-05-18,624,101.85714285714286,1.0,629.7623588353655,89.96605126219507,0,1259.524717670731,0,89.96605126219507,17.993210252439013,107.95926151463408,6.102118657491218,REORDER
SKU_0067,Home & Kitchen,2025-05-25,625,101.85714285714286,1.0,627.3496949159515,89.62138498799308,0,1254.699389831903,0,89.62138498799308,17.924276997598618,107.54566198559169,5.6885191284488315,REORDER
SKU_0067,Home & Kitchen,2025-06-01,418,97.4,1.0,624.647191137566,89.23531301965228,0,1249.294382275132,0,89.23531301965228,17.847062603930457,107.08237562358273,9.682375623582729,REORDER
SKU_0068,Electronics,2025-05-18,640,92.42857142857143,6.0,649.24878214215,556.4989561218429,1,1298.4975642843,0,92.74982602030715,111.29979122436858,667.7987473462115,575.37017591764,REORDER
SKU_0068,Electronics,2025-05-25,613,95.28571428571429,6.0,615.8134973544973,527.840140589569,1,1231.6269947089945,0,87.97335676492818,105.56802811791381,633.4081687074829,538.1224544217686,REORDER
SKU_0068,Electronics,2025-06-01,397,106.4,6.0,618.0819223184222,529.7845048443619,1,1236.1638446368445,0,88.29741747406032,105.95690096887239,635.7414058132342,529.3414058132342,REORDER
SKU_0069,Sports,2025-05-18,667,109.57142857142857,4.0,676.3791666666667,386.502380952381,1,1352.7583333333334,0,96.62559523809524,77.3004761904762,463.8028571428572,354.23142857142864,REORDER
SKU_0069,Sports,2025-05-25,724,118.85714285714286,4.0,725.6280301373464,414.64458864991224,1,1451.2560602746928,0,103.66114716247806,82.92891772998246,497.5735063798947,378.71636352275186,REORDER
SKU_0069,Sports,2025-06-01,477,107.4,4.0,715.8522768971225,409.05844394121283,1,1431.704553794245,0,102.26461098530321,81.81168878824258,490.8701327294554,383.4701327294554,REORDER
SKU_0070,Home & Kitchen,2025-05-18,810,132.85714285714286,2.0,804.3480818958819,229.8137376845377,1,1608.6961637917639,0,114.90686884226885,45.96274753690754,275.7764852214452,142.91934236430237,REORDER
SKU_0070,Home & Kitchen,2025-05-25,804,128.0,2.0,803.0125366573399,229.43215333066854,1,1606.0250733146797,0,114.71607666533427,45.88643066613371,275.31858399680226,147.31858399680226,REORDER
SKU_0070,Home & Kitchen,2025-06-01,578,142.8,2.0,860.97136205668,245.99181773048002,1,1721.94272411336,0,122.99590886524001,49.198363546096004,295.190181276576,152.39018127657602,REORDER
SKU_0071,Home & Kitchen,2025-05-18,631,107.85714285714286,4.0,625.2627951444266,357.2930257968152,1,1250.5255902888532,0,89.3232564492038,71.45860515936305,428.75163095617825,320.89448809903536,REORDER
SKU_0071,Home & Kitchen,2025-05-25,673,116.85714285714286,4.0,675.2520882950382,385.85833616859327,1,1350.5041765900764,0,96.46458404214832,77.17166723371867,463.03000340231193,346.1728605451691,REORDER
SKU_0071,Home & Kitchen,2025-06-01,417,98.0,4.0,626.94394510582,358.25368291761146,1,1253.88789021164,0,89.56342072940286,71.65073658352229,429.90441950113376,331.90441950113376,REORDER
SKU_0072,Beauty,2025-05-18,817,130.71428571428572,7.0,838.8076366377218,838.8076366377218,1,1677.6152732754435,0,119.8296623768174,167.76152732754437,1006.5691639652662,875.8548782509804,REORDER
SKU_0072,Beauty,2025-05-25,771,121.28571428571429,7.0,786.1511956108509,786.1511956108509,1,1572.3023912217018,0,112.30731365869299,157.2302391221702,943.381434733021,822.0957204473067,REORDER
SKU_0072,Beauty,2025-06-01,519,117.6,7.0,782.0026006112354,782.0026006112354,1,1564.0052012224708,0,111.71465723017648,156.4005201222471,938.4031207334824,820.8031207334824,REORDER
SKU_0073,Apparel,2025-05-18,814,127.42857142857143,3.0,808.8895872349588,346.66696595783947,1,1617.7791744699175,0,115.55565531927982,69.3333931915679,416.00035914940736,288.5717877208359,REORDER
SKU_0073,Apparel,2025-05-25,802,123.14285714285714,3.0,810.7809998373949,347.47757135888355,1,1621.5619996747898,0,115.82585711962784,69.49551427177671,416.97308563066025,293.8302284878031,REORDER
SKU_0073,Apparel,2025-06-01,504,111.6,3.0,758.8845182637409,325.23622211303183,1,1517.7690365274818,0,108.41207403767727,65.04724442260637,390.2834665356382,278.6834665356382,REORDER
SKU_0074,Beauty,2025-05-18,952,148.85714285714286,2.0,944.8872688792691,269.9677911083626,1,1889.7745377585381,0,134.9838955541813,53.993558221672515,323.9613493300351,175.10420647289223,REORDER
SKU_0074,Beauty,2025-05-25,822,123.71428571428571,2.0,806.5998989066491,230.4571139733283,1,1613.1997978132981,0,115.22855698666415,46.09142279466566,276.54853676799394,152.83425105370821,REORDER
SKU_0074,Beauty,2025-06-01,572,138.0,2.0,862.960766053256,246.56021887235883,1,1725.921532106512,0,123.28010943617942,49.31204377447177,295.8722626468306,157.87226264683062,REORDER
SKU_0075,Apparel,2025-05-18,901,143.0,4.0,898.6901044985667,513.5372025706096,1,1797.3802089971334,0,128.3843006426524,102.70744051412191,616.2446430847315,473.2446430847315,REORDER
SKU_0075,Apparel,2025-05-25,901,141.28571428571428,4.0,901.374730754901,515.0712747170862,1,1802.749461509802,0,128.76781867927156,103.01425494341726,618.0855296605034,476.79981537478915,REORDER
SKU_0075,Apparel,2025-06-01,550,119.6,4.0,827.7189417989417,472.9822524565381,1,1655.4378835978835,0,118.24556311413453,94.59645049130762,567.5787029478457,447.9787029478457,REORDER
SKU_0076,Apparel,2025-05-18,772,123.0,4.0,780.3718120966713,445.92674976952645,1,1560.7436241933426,0,111.48168744238161,89.1853499539053,535.1120997234318,412.1120997234318,REORDER
SKU_0076,Apparel,2025-05-25,792,129.14285714285714,4.0,786.2468150590023,449.28389431942986,1,1572.4936301180046,0,112.32097357985747,89.85677886388598,539.1406731833158,409.9978160404587,REORDER
SKU_0076,Apparel,2025-06-01,473,114.0,4.0,735.9983403540904,420.57048020233736,1,1471.9966807081807,0,105.14262005058434,84.11409604046747,504.68457624280484,390.68457624280484,REORDER
SKU_0077,Beauty,2025-05-18,869,125.42857142857143,1.0,860.119864959115,122.87426642273071,0,1720.23972991823,0,122.87426642273071,24.574853284546144,147.44911970727685,22.02054827870542,REORDER
SKU_0077,Beauty,2025-05-25,922,135.85714285714286,1.0,903.2963186134854,129.04233123049792,0,1806.5926372269707,0,129.04233123049792,25.808466246099584,154.8507974765975,18.993654619454645,REORDER
SKU_0077,Beauty,2025-06-01,582,127.8,1.0,861.7381565379067,123.10545093398666,0,1723.4763130758133,0,123.10545093398666,24.621090186797332,147.726541120784,19.926541120783995,REORDER
SKU_0078,Beauty,2025-05-18,897,144.14285714285714,3.0,884.5220900775188,379.08089574750807,1,1769.0441801550376,0,126.36029858250268,75.81617914950162,454.8970748970097,310.7542177541526,REORDER
SKU_0078,Beauty,2025-05-25,886,141.28571428571428,3.0,888.0630264609823,380.5984399118496,1,1776.1260529219646,0,126.8661466372832,76.11968798236992,456.7181278942195,315.4324136085052,REORDER
SKU_0078,Beauty,2025-06-01,545,108.6,3.0,817.2499920634922,350.24999659863954,1,1634.4999841269844,0,116.74999886621318,70.04999931972792,420.2999959183675,311.69999591836745,REORDER
SKU_0079,Electronics,2025-05-18,685,103.14285714285714,3.0,682.1595849567099,292.3541078385899,1,1364.3191699134197,0,97.45136927952998,58.47082156771799,350.8249294063079,247.68207226345075,REORDER
SKU_0079,Electronics,2025-05-25,698,109.71428571428571,3.0,685.3334767498537,293.7143471785088,1,1370.6669534997075,0,97.90478239283625,58.742869435701756,352.45721661421055,242.74293089992483,REORDER
SKU_0079,Electronics,2025-06-01,463,107.8,3.0,682.5002600609264,292.5001114546827,1,1365.0005201218528,0,97.50003715156092,58.50002229093655,351.0001337456193,243.20013374561927,REORDER
SKU_0080,Home & Kitchen,2025-05-18,651,107.85714285714286,6.0,652.8277011784511,559.566601010101,1,1305.6554023569022,0,93.26110016835015,111.9133202020202,671.4799212121211,563.6227783549782,REORDER
SKU_0080,Home & Kitchen,2025-05-25,656,108.57142857142857,6.0,654.6640424836601,561.1406078431372,1,1309.3280849673201,0,93.52343464052286,112.22812156862744,673.3687294117647,564.7973008403361,REORDER
SKU_0080,Home & Kitchen,2025-06-01,434,104.8,6.0,653.1040659830652,559.8034851283417,1,1306.2081319661304,0,93.3005808547236,111.96069702566834,671.76418215401,566.96418215401,REORDER
SKU_0081,Electronics,2025-05-18,426,82.0,3.0,459.97653054353066,197.13279880437028,1,919.9530610870613,0,65.7109329347901,39.426559760874056,236.55935856524434,154.55935856524434,REORDER
SKU_0081,Electronics,2025-05-25,481,89.71428571428571,3.0,490.47333333333336,210.20285714285714,1,980.9466666666667,0,70.06761904761905,42.04057142857143,252.24342857142858,162.52914285714286,REORDER
SKU_0081,Electronics,2025-06-01,311,81.0,3.0,470.18514814814813,201.5079206349206,1,940.3702962962963,0,67.16930687830687,40.301584126984125,241.80950476190472,160.80950476190472,REORDER
SKU_0082,Electronics,2025-05-18,711,115.85714285714286,6.0,725.1818055555556,621.5844047619048,1,1450.3636111111111,0,103.59740079365079,124.31688095238097,745.9012857142858,630.0441428571429,REORDER
SKU_0082,Electronics,2025-05-25,759,114.57142857142857,6.0,757.7230270562771,649.4768803339518,1,1515.4460541125543,0,108.2461467223253,129.89537606679036,779.3722564007422,664.8008278293137,REORDER
SKU_0082,Electronics,2025-06-01,451,114.4,6.0,711.1876904761905,609.5894489795919,1,1422.375380952381,0,101.59824149659865,121.91788979591838,731.5073387755103,617.1073387755104,REORDER
SKU_0083,Beauty,2025-05-18,943,146.85714285714286,6.0,939.037903420728,804.8896315034812,1,1878.075806841456,0,134.14827191724686,160.97792630069625,965.8675578041774,819.0104149470345,REORDER
SKU_0083,Beauty,2025-05-25,882,138.28571428571428,6.0,891.3606046879388,764.0233754468047,1,1782.7212093758776,0,127.33722924113411,152.80467508936096,916.8280505361656,778.5423362504514,REORDER
SKU_0083,Beauty,2025-06-01,536,133.8,6.0,837.5541338226045,717.9035432765181,1,1675.108267645209,0,119.65059054608636,143.58070865530362,861.4842519318217,727.6842519318218,REORDER
SKU_0084,Electronics,2025-05-18,464,84.57142857142857,5.0,479.4217857142857,342.4441326530612,1,958.8435714285714,0,68.48882653061224,68.48882653061224,410.93295918367346,326.3615306122449,REORDER
SKU_0084,Electronics,2025-05-25,440,85.71428571428571,5.0,459.7244141414143,328.37458152958163,1,919.4488282828286,0,65.67491630591633,65.67491630591633,394.04949783549796,308.33521212121224,REORDER
SKU_0084,Electronics,2025-06-01,314,62.6,5.0,442.94666666666666,316.3904761904762,1,885.8933333333333,0,63.27809523809524,63.27809523809524,379.66857142857145,317.06857142857143,REORDER
SKU_0085,Apparel,2025-05-18,920,145.71428571428572,2.0,911.2354053210038,260.3529729488582,1,1822.4708106420076,0,130.1764864744291,52.070594589771645,312.42356753862987,166.70928182434415,REORDER
SKU_0085,Apparel,2025-05-25,916,137.28571428571428,2.0,904.3450135434266,258.38428958383616,1,1808.6900270868532,0,129.19214479191808,51.67685791676723,310.0611475006034,172.77543321488912,REORDER
SKU_0085,Apparel,2025-06-01,607,123.2,2.0,857.0466666666666,244.87047619047618,1,1714.0933333333332,0,122.43523809523809,48.97409523809524,293.84457142857144,170.64457142857145,REORDER
SKU_0086,Apparel,2025-05-18,785,130.85714285714286,5.0,786.416773035969,561.7262664542635,1,1572.833546071938,0,112.34525329085271,112.34525329085271,674.0715197451162,543.2143768879733,REORDER
SKU_0086,Apparel,2025-05-25,825,131.57142857142858,5.0,829.444625679474,592.46044691391,1,1658.889251358948,0,118.492089382782,118.49208938278201,710.952536296692,579.3811077252634,REORDER
SKU_0086,Apparel,2025-06-01,657,143.8,5.0,898.5274160931659,641.8052972094042,1,1797.0548321863319,0,128.36105944188085,128.36105944188085,770.166356651285,626.3663566512851,REORDER
SKU_0087,Electronics,2025-05-18,806,135.14285714285714,4.0,809.075892014926,462.3290811513863,1,1618.151784029852,0,115.58227028784657,92.46581623027726,554.7948973816635,419.6520402388064,REORDER
SKU_0087,Electronics,2025-05-25,795,125.57142857142857,4.0,790.0350770476801,451.4486154558172,1,1580.0701540953603,0,112.8621538639543,90.28972309116345,541.7383385469807,416.16690997555213,REORDER
SKU_0087,Electronics,2025-06-01,500,116.2,4.0,759.6249278499279,434.0713873428159,1,1519.2498556998557,0,108.51784683570398,86.81427746856319,520.8856648113791,404.6856648113791,REORDER
SKU_0088,Electronics,2025-05-18,643,110.42857142857143,4.0,627.85,358.7714285714286,1,1255.7,0,89.69285714285715,71.75428571428573,430.52571428571434,320.0971428571429,REORDER
SKU_0088,Electronics,2025-05-25,554,98.28571428571429,4.0,583.1138888888888,333.2079365079365,1,1166.2277777777776,0,83.30198412698412,66.64158730158731,399.8495238095238,301.56380952380954,REORDER
SKU_0088,Electronics,2025-06-01,373,104.6,4.0,596.3553137254902,340.77446498599437,1,1192.7106274509804,0,85.19361624649859,68.15489299719887,408.92935798319326,304.3293579831933,REORDER
SKU_0089,Home & Kitchen,2025-05-18,766,113.42857142857143,1.0,750.6914444444444,107.24163492063492,0,1501.3828888888888,0,107.24163492063492,21.448326984126986,128.6899619047619,15.26139047619047,REORDER
SKU_0089,Home & Kitchen,2025-05-25,757,121.28571428571429,1.0,757.9803489517021,108.2829069931003,0,1515.9606979034043,0,108.2829069931003,21.656581398620062,129.93948839172037,8.653774106006082,REORDER
SKU_0089,Home & Kitchen,2025-06-01,475,107.4,1.0,721.7249739870696,103.1035677124385,0,1443.4499479741391,0,103.1035677124385,20.620713542487703,123.72428125492621,16.324281254926206,REORDER
SKU_0090,Beauty,2025-05-18,854,126.85714285714286,6.0,835.8973501082249,716.4834429499072,1,1671.7947002164499,0,119.41390715831785,143.29668858998144,859.7801315398885,732.9229886827457,REORDER
SKU_0090,Beauty,2025-05-25,839,133.57142857142858,6.0,840.9006395391101,720.7719767478086,1,1681.8012790782202,0,120.12866279130144,144.15439534956172,864.9263720973703,731.3549435259417,REORDER
SKU_0090,Beauty,2025-06-01,599,142.8,6.0,891.1588293831489,763.8504251855562,1,1782.3176587662979,0,127.30840419759271,152.77008503711124,916.6205102226675,773.8205102226675,REORDER
SKU_0091,Sports,2025-05-18,806,124.0,3.0,804.6492442916465,344.84967612499133,1,1609.298488583293,0,114.94989204166379,68.96993522499827,413.8196113499896,289.8196113499896,REORDER
SKU_0091,Sports,2025-05-25,791,116.28571428571429,3.0,797.2827856422667,341.6926224181143,1,1594.5655712845335,0,113.89754080603811,68.33852448362286,410.03114690173715,293.74543261602287,REORDER
SKU_0091,Sports,2025-06-01,481,119.6,3.0,760.222265789233,325.80954248109987,1,1520.444531578466,0,108.60318082703328,65.16190849621998,390.9714509773198,271.3714509773198,REORDER
SKU_0092,Home & Kitchen,2025-05-18,673,108.42857142857143,6.0,680.4044411745904,583.2038067210774,1,1360.8088823491807,0,97.2006344535129,116.64076134421549,699.8445680652928,591.4159966367214,REORDER
SKU_0092,Home & Kitchen,2025-05-25,676,118.14285714285714,6.0,684.5423922746311,586.7506219496838,1,1369.0847845492622,0,97.7917703249473,117.35012438993677,704.1007463396206,585.9578891967635,REORDER
SKU_0092,Home & Kitchen,2025-06-01,494,118.0,6.0,727.309980424165,623.4085546492843,1,1454.61996084833,0,103.90142577488072,124.68171092985686,748.0902655791411,630.0902655791411,REORDER
SKU_0093,Electronics,2025-05-18,484,82.42857142857143,1.0,489.83119047619056,69.9758843537415,0,979.6623809523811,0,69.9758843537415,13.995176870748303,83.9710612244898,1.542489795918371,REORDER
SKU_0093,Electronics,2025-05-25,494,87.57142857142857,1.0,484.28455699855704,69.18350814265101,0,968.5691139971141,0,69.18350814265101,13.836701628530202,83.02020977118121,0.0,NO REORDER
SKU_0093,Electronics,2025-06-01,334,74.0,1.0,476.48333333333335,68.06904761904762,0,952.9666666666667,0,68.06904761904762,13.613809523809525,81.68285714285715,7.682857142857145,REORDER
SKU_0094,Sports,2025-05-18,848,139.71428571428572,3.0,867.0956613046374,371.612426273416,1,1734.1913226092747,0,123.87080875780534,74.3224852546832,445.93491152809924,306.2206258138135,REORDER
SKU_0094,Sports,2025-05-25,809,128.57142857142858,3.0,810.1850052482606,347.2221451063974,1,1620.3700104965212,0,115.7407150354658,69.44442902127949,416.6665741276769,288.0951455562483,REORDER
SKU_0094,Sports,2025-06-01,585,132.6,3.0,864.3028621331232,370.4155123427671,1,1728.6057242662464,0,123.47183744758902,74.08310246855342,444.4986148113205,311.8986148113205,REORDER
SKU_0095,Beauty,2025-05-18,946,153.28571428571428,1.0,943.802391053391,134.82891300762728,0,1887.604782106782,0,134.82891300762728,26.965782601525458,161.79469560915274,8.508981323438462,REORDER
SKU_0095,Beauty,2025-05-25,945,147.71428571428572,1.0,945.3846178682428,135.05494540974897,0,1890.7692357364856,0,135.05494540974897,27.010989081949795,162.06593449169875,14.351648777413033,REORDER
SKU_0095,Beauty,2025-06-01,571,112.0,1.0,844.3811111111111,120.62587301587301,1,1688.7622222222221,0,120.62587301587301,24.125174603174603,144.75104761904763,32.751047619047625,REORDER
SKU_0096,Electronics,2025-05-18,263,56.57142857142857,6.0,275.81666666666666,236.4142857142857,1,551.6333333333333,0,39.40238095238095,47.28285714285715,283.69714285714286,227.1257142857143,REORDER
SKU_0096,Electronics,2025-05-25,220,42.714285714285715,6.0,229.69416666666666,196.88071428571425,1,459.3883333333333,0,32.81345238095238,39.37614285714285,236.2568571428571,193.54257142857136,REORDER
SKU_0096,Electronics,2025-06-01,188,52.2,6.0,264.3468888888889,226.58304761904765,1,528.6937777777778,0,37.76384126984127,45.31660952380953,271.89965714285717,219.69965714285718,REORDER
SKU_0097,Sports,2025-05-18,803,120.85714285714286,6.0,796.8646553579207,683.0268474496463,1,1593.7293107158414,0,113.83780790827439,136.60536948992927,819.6322169395755,698.7750740824326,REORDER
SKU_0097,Sports,2025-05-25,801,131.0,6.0,797.3014987542585,683.4012846465073,1,1594.602997508517,0,113.90021410775122,136.68025692930146,820.0815415758087,689.0815415758087,REORDER
SKU_0097,Sports,2025-06-01,608,141.6,6.0,905.9605093100095,776.5375794085794,1,1811.921018620019,0,129.4229299014299,155.3075158817159,931.8450952902953,790.2450952902952,REORDER
SKU_0098,Home & Kitchen,2025-05-18,688,114.57142857142857,5.0,690.6912364232005,493.3508831594289,1,1381.382472846401,0,98.67017663188578,98.6701766318858,592.0210597913147,477.4496312198861,REORDER
SKU_0098,Home & Kitchen,2025-05-25,679,112.85714285714286,5.0,690.3872624929049,493.1337589235035,1,1380.7745249858099,0,98.6267517847007,98.6267517847007,591.7605107082042,478.90336785106126,REORDER
SKU_0098,Home & Kitchen,2025-06-01,427,97.2,5.0,641.247386132386,458.0338472374186,1,1282.494772264772,0,91.60676944748373,91.60676944748373,549.6406166849024,452.4406166849024,REORDER
SKU_0099,Sports,2025-05-18,879,147.14285714285714,5.0,871.6599474506972,622.6142481790695,1,1743.3198949013945,0,124.5228496358139,124.5228496358139,747.1370978148834,599.9942406720263,REORDER
SKU_0099,Sports,2025-05-25,816,125.14285714285714,5.0,816.8571941888514,583.4694244206081,1,1633.7143883777028,0,116.69388488412163,116.69388488412163,700.1633093047298,575.0204521618726,REORDER
SKU_0099,Sports,2025-06-01,549,120.4,5.0,816.9638341473343,583.5455958195245,1,1633.9276682946686,0,116.7091191639049,116.7091191639049,700.2547149834294,579.8547149834294,REORDER
SKU_0100,Home & Kitchen,2025-05-18,617,100.0,4.0,600.0422619047619,342.8812925170068,1,1200.0845238095237,0,85.7203231292517,68.57625850340136,411.4575510204081,311.4575510204081,REORDER
SKU_0100,Home & Kitchen,2025-05-25,614,103.14285714285714,4.0,603.1767063492063,344.6724036281179,1,1206.3534126984125,0,86.16810090702947,68.93448072562357,413.60688435374146,310.4640272108843,REORDER
SKU_0100,Home & Kitchen,2025-06-01,387,99.2,4.0,579.6633333333333,331.2361904761905,1,1159.3266666666666,0,82.80904761904762,66.2472380952381,397.4834285714286,298.2834285714286,REORDER
